epoch,time,train/box_loss,train/cls_loss,train/dfl_loss,metrics/precision(B),metrics/recall(B),metrics/mAP50(B),metrics/mAP50-95(B),val/box_loss,val/cls_loss,val/dfl_loss,lr/pg0,lr/pg1,lr/pg2
1,111.091,0.8924,2.95249,1.40325,0.69587,0.64816,0.6663,0.48959,0.86491,1.60845,1.33096,0.000208005,0.000208005,0.000208005
2,225.765,0.83294,1.6556,1.33757,0.77381,0.64711,0.76372,0.59405,0.81139,1.25518,1.33062,0.000333903,0.000333903,0.000333903
3,322.843,0.78979,1.34764,1.30259,0.82443,0.76047,0.79985,0.63339,0.80259,0.99977,1.31722,0.000377302,0.000377302,0.000377302
4,419.389,0.74097,1.15764,1.26111,0.8829,0.78452,0.86035,0.69877,0.72049,0.83233,1.20176,0.00025375,0.00025375,0.00025375
5,518.797,0.68106,1.00655,1.21658,0.83071,0.83266,0.87308,0.74089,0.60435,0.77825,1.11513,0.00013,0.00013,0.00013
